id,name,read,pattern,sequence,feature_type
CD62L,CD62L,R2,5P(BC),TGGGCCTAAGTCATC,Antibody Capture
CD183_CXCR3,CD183_CXCR3,R2,5P(BC),GTTCACGCCGTGTTA,Antibody Capture
CD14,CD14,R2,5P(BC),AACCAACAGTCACGT,Antibody Capture
CD170_Siglec_F,CD170_Siglec_F,R2,5P(BC),TCAATCTCCGTCGCT,Antibody Capture
CX3CR1,CX3CR1,R2,5P(BC),CACTCTCAGTCCTAT,Antibody Capture
CD4,CD4,R2,5P(BC),AACAAGACCCTTGAG,Antibody Capture
CD8a,CD8a,R2,5P(BC),TACCCGTAATAGCGT,Antibody Capture
CD279_PD_1,CD279_PD_1,R2,5P(BC),GAAAGTCAAAGCACT,Antibody Capture
CD117_c_kit,CD117_c_kit,R2,5P(BC),TGCATGTCATCGGTG,Antibody Capture
Ly_6C,Ly_6C,R2,5P(BC),AAGTCGTGAGGCATG,Antibody Capture
anti_mouse_human_CD11b,anti_mouse_human_CD11b,R2,5P(BC),TGAAGGCTCATTTGT,Antibody Capture
Ly_6G,Ly_6G,R2,5P(BC),ACATTGACGCAACTA,Antibody Capture
anti_human_mouse_CD49f,anti_human_mouse_CD49f,R2,5P(BC),TTCCGAGGATGATCT,Antibody Capture
anti_mouse_human_CD44,anti_mouse_human_CD44,R2,5P(BC),TGGCTTCAGGTCCTA,Antibody Capture
CD54,CD54,R2,5P(BC),ATAACCGACACAGTG,Antibody Capture
CD90_2,CD90_2,R2,5P(BC),CCGATCAGCCGTTTA,Antibody Capture
CD73,CD73,R2,5P(BC),ACACTTAACGTCTGG,Antibody Capture
CD49d,CD49d,R2,5P(BC),CGCTTGGACGCTTAA,Antibody Capture
CD200_OX2,CD200_OX2,R2,5P(BC),TCAATTCCGGTAGTC,Antibody Capture
Mouse_IgG1___isotype_Ctrl,Mouse_IgG1___isotype_Ctrl,R2,5P(BC),GCCGGACGACATTAA,Antibody Capture
Mouse_IgG2a___isotype_Ctrl,Mouse_IgG2a___isotype_Ctrl,R2,5P(BC),CTCCTACCTAAACTG,Antibody Capture
Mouse_IgG2b___isotype_Ctrl,Mouse_IgG2b___isotype_Ctrl,R2,5P(BC),ATATGTATCACGCGA,Antibody Capture
CD19,CD19,R2,5P(BC),ATCAGCCATGTCAGT,Antibody Capture
Rat_IgG2b___Isotype_Ctrl,Rat_IgG2b___Isotype_Ctrl,R2,5P(BC),GATTCTTGACGACCT,Antibody Capture
CD45,CD45,R2,5P(BC),TGGCTATGGAGCAGA,Antibody Capture
CD25,CD25,R2,5P(BC),ACCATGAGACACAGT,Antibody Capture
anti_mouse_human_CD45R_B220,anti_mouse_human_CD45R_B220,R2,5P(BC),CCTACACCTCATAAT,Antibody Capture
CD102,CD102,R2,5P(BC),GATATTCAGTGCGAC,Antibody Capture
CD11c,CD11c,R2,5P(BC),GTTATGGACGCTTGC,Antibody Capture
CD21_CD35_CR2_CR1,CD21_CD35_CR2_CR1,R2,5P(BC),GGATAATTTCGATCC,Antibody Capture
CD23,CD23,R2,5P(BC),TCTCTTGGAAGATGA,Antibody Capture
CD16_32,CD16_32,R2,5P(BC),TTCGATGCTGGAGCA,Antibody Capture
CD43,CD43,R2,5P(BC),TTGGAGGGTTGTGCT,Antibody Capture
CD5,CD5,R2,5P(BC),CAGCTCAGTGTGTTG,Antibody Capture
CD93_AA4_1_early_B_lineage,CD93_AA4_1_early_B_lineage,R2,5P(BC),GGTATTTCCTGTGGT,Antibody Capture
F4_80,F4_80,R2,5P(BC),TTAACTTCAGCCCGT,Antibody Capture
I_A_I_E,I_A_I_E,R2,5P(BC),GGTCACCAGTATGAT,Antibody Capture
NK_1_1,NK_1_1,R2,5P(BC),GTAACATTACTCGTC,Antibody Capture
Siglec_H,Siglec_H,R2,5P(BC),CCGCACCTACATTAG,Antibody Capture
TER_119_Erythroid_Cells,TER_119_Erythroid_Cells,R2,5P(BC),GCGCGTTTGTGCTAT,Antibody Capture
Ly_6A_E_Sca_1,Ly_6A_E_Sca_1,R2,5P(BC),TTCCTTTCCTACGCA,Antibody Capture
CD45_2,CD45_2,R2,5P(BC),CACCGTCATTCAACC,Antibody Capture
CD45_1,CD45_1,R2,5P(BC),CCTATGGACTTGGAC,Antibody Capture
CD3,CD3,R2,5P(BC),GTATGTCCGCTCGAT,Antibody Capture
CD274_B7_H1_PD_L1,CD274_B7_H1_PD_L1,R2,5P(BC),TCGATTCCACCAACT,Antibody Capture
anti_mouse_rat_human_CD27,anti_mouse_rat_human_CD27,R2,5P(BC),CAAGGTATGTCACTG,Antibody Capture
CD20,CD20,R2,5P(BC),TCCACTCCCTGTATA,Antibody Capture
CD357_GITR,CD357_GITR,R2,5P(BC),GGCACTCTGTAACAT,Antibody Capture
CD69,CD69,R2,5P(BC),TTGTATTCCGCCATT,Antibody Capture
CD86,CD86,R2,5P(BC),CTGGATTTGTGTATC,Antibody Capture
CD150_SLAM,CD150_SLAM,R2,5P(BC),CAACGCCTAGAAACC,Antibody Capture
CD24,CD24,R2,5P(BC),TATATCTTTGCCGCA,Antibody Capture
anti_human_mouse_integrin_7,anti_human_mouse_integrin_7,R2,5P(BC),TCCTTGGATGTACCG,Antibody Capture
CD106,CD106,R2,5P(BC),CGTTCCTACCTACCT,Antibody Capture
Rat_IgG1___isotype_Ctrl,Rat_IgG1___isotype_Ctrl,R2,5P(BC),ATCAGATGCCCTCAT,Antibody Capture
Rat_IgG1___Isotype_Ctrl,Rat_IgG1___Isotype_Ctrl,R2,5P(BC),GGGAGCGATTCAACT,Antibody Capture
Rat_IgG2a___Isotype_Ctrl,Rat_IgG2a___Isotype_Ctrl,R2,5P(BC),AAGTCAGGTTCGTTT,Antibody Capture
Rat_IgG2c___Isotype_Ctrl,Rat_IgG2c___Isotype_Ctrl,R2,5P(BC),TCCAGGCTAGTCATT,Antibody Capture
Armenian_Hamster_IgG_Isotype_Ctrl,Armenian_Hamster_IgG_Isotype_Ctrl,R2,5P(BC),CCTGTCATTAAGACT,Antibody Capture
CD223_LAG_3,CD223_LAG_3,R2,5P(BC),ATTCCGTCCCTAAGG,Antibody Capture
CD300LG_Nepmucin,CD300LG_Nepmucin,R2,5P(BC),CGGTCCGTATCATTT,Antibody Capture
CD163,CD163,R2,5P(BC),GAGCAAGATTAAGAC,Antibody Capture
CD49b,CD49b,R2,5P(BC),CGCGTTAGTAGAGTC,Antibody Capture
CD172a_SIRP,CD172a_SIRP,R2,5P(BC),GATTCCCTTGTAGCA,Antibody Capture
CD48,CD48,R2,5P(BC),AGAACCGCCGTAGTT,Antibody Capture
CD201_EPCR,CD201_EPCR,R2,5P(BC),TATGATCTGCCCTTG,Antibody Capture
CD169_Siglec_1,CD169_Siglec_1,R2,5P(BC),ATTGACGACAGTCAT,Antibody Capture
CD71,CD71,R2,5P(BC),ACCGACCAGTAGACA,Antibody Capture
CD41,CD41,R2,5P(BC),ACTTGGATGGACACT,Antibody Capture
IgM,IgM,R2,5P(BC),AGCTACGCATTCAAT,Antibody Capture
CD36,CD36,R2,5P(BC),TTTGCCGCTACGACA,Antibody Capture
CD38,CD38,R2,5P(BC),CGTATCCGTCTCCTA,Antibody Capture
CD55_DAF,CD55_DAF,R2,5P(BC),ATTGTTGTCAGACCA,Antibody Capture
CD63,CD63,R2,5P(BC),ATCCGACACGTATTA,Antibody Capture
CD79b_Ig,CD79b_Ig,R2,5P(BC),TAACTCAGTGCGAGT,Antibody Capture
CD301b,CD301b,R2,5P(BC),CTTGCCTTGCGATTT,Antibody Capture
Tim_4,Tim_4,R2,5P(BC),TGCTGGAGGGTATTC,Antibody Capture
anti_mouse_rat_CD29,anti_mouse_rat_CD29,R2,5P(BC),ACGCATTCCTTGTGT,Antibody Capture
IgD,IgD,R2,5P(BC),TCATATCCGTTGTCC,Antibody Capture
CD140a,CD140a,R2,5P(BC),GTCATTGCGGTCCTA,Antibody Capture
CD11a,CD11a,R2,5P(BC),AGAGTCTCCCTTTAG,Antibody Capture
ESAM,ESAM,R2,5P(BC),TATAGTTTCCGCCGT,Antibody Capture
CD200R_OX2R,CD200R_OX2R,R2,5P(BC),ATTCTTTCCCTCTGT,Antibody Capture
CCR3_CD193,CCR3_CD193,R2,5P(BC),TAGAACCGTATCCGT,Antibody Capture
CD317_BST2_PDCA_1,CD317_BST2_PDCA_1,R2,5P(BC),TGTGGTAGCCCTTGT,Antibody Capture
CD105,CD105,R2,5P(BC),TATCCCTGCCTTGCA,Antibody Capture
CD9,CD9,R2,5P(BC),TAGCAGTCACTCCTA,Antibody Capture
CD371_CLEC12A,CD371_CLEC12A,R2,5P(BC),GCGAGAAATCTGCAT,Antibody Capture
CD22,CD22,R2,5P(BC),AGGTCCTCTCTGGAT,Antibody Capture
IL_33R__IL1RL1_ST2,IL_33R__IL1RL1_ST2,R2,5P(BC),GCGATGGAGCATGTT,Antibody Capture
Ly_49A,Ly_49A,R2,5P(BC),AATTCCGTCAGATGA,Antibody Capture
CD49a,CD49a,R2,5P(BC),CCATTCATTTGTGGC,Antibody Capture
CD1d_CD1_1_Ly_38,CD1d_CD1_1_Ly_38,R2,5P(BC),CAACTTGGCCGAATC,Antibody Capture
PIR_A_B,PIR_A_B,R2,5P(BC),TGTAGAGTCAGACCT,Antibody Capture
CD26_DPP_4,CD26_DPP_4,R2,5P(BC),ATGGCCTGTCATAAT,Antibody Capture
CD270_HVEM,CD270_HVEM,R2,5P(BC),GATCCGTGTTGCCTA,Antibody Capture
CD2,CD2,R2,5P(BC),TTGCCGTGTGTTTAA,Antibody Capture
CD40,CD40,R2,5P(BC),ATTTGTATGCTGGAG,Antibody Capture
CD31,CD31,R2,5P(BC),GCTGTAGTATCATGT,Antibody Capture
CD107a_LAMP_1,CD107a_LAMP_1,R2,5P(BC),AAATCTGTGCCGTAC,Antibody Capture
CD182_CXCR2,CD182_CXCR2,R2,5P(BC),TTTCCTTGTAGAGCG,Antibody Capture
anti_mouse_rat_CD61,anti_mouse_rat_CD61,R2,5P(BC),TTCTTTACCCGCCTG,Antibody Capture
CD95_Fas,CD95_Fas,R2,5P(BC),CACATCGTTTGTGTA,Antibody Capture
CD159a_NKG2AB6,CD159a_NKG2AB6,R2,5P(BC),GTGTTTGTGTTCCTG,Antibody Capture
Ly108,Ly108,R2,5P(BC),CGATTCTTTGCGAGT,Antibody Capture
CD85k_gp49_Receptor,CD85k_gp49_Receptor,R2,5P(BC),ATGTCAACTCTGGGA,Antibody Capture
CD51,CD51,R2,5P(BC),GGAGTCAGGGTATTA,Antibody Capture
CD205_DEC_205,CD205_DEC_205,R2,5P(BC),CATATTGGCCGTAGT,Antibody Capture
CD155_PVR,CD155_PVR,R2,5P(BC),TAGCTTGGGATTAAG,Antibody Capture
anti_mouse_rat_CD81,anti_mouse_rat_CD81,R2,5P(BC),TTGTCACCAACTTCC,Antibody Capture
CD135,CD135,R2,5P(BC),GTAGCAAGATTCAAG,Antibody Capture
CD127,CD127,R2,5P(BC),GTGTGAGGCACTCTT,Antibody Capture
